PurchaseOrderNumber,DateTime
PO19372114749,3/14/2020 22:04
PO7946145876,5/29/2020 2:46
PO8468183315,11/13/2021 17:34
PO4582142611,03/12/2021
PO3770176273,4/20/2020 4:26
PO6119130779,10/26/2020 19:14
PO2349143275,3/30/2020 2:26
PO13050111529,6/15/2020 13:05
PO16153112278,2/20/2020 8:56
PO17052159664,04/11/2021
PO19285135919,11/21/2021 14:04
PO8961158629,10/21/2020 5:07
PO174173096,12/14/2019 12:12
PO16501134889,7/14/2021 5:02
PO348186287,10/24/2020 13:34
PO4785152479,10/31/2021 19:36
PO10353140756,02/11/2021
PO5539125166,10/18/2021 10:41
PO5713190501,09/07/2021
PO2697119362,11/17/2021 8:18
PO19343113609,10/04/2020
PO16124166561,10/05/2021
PO4002189853,08/10/2021
PO10295111084,04/09/2021
PO29111718,05/01/2020
PO12992180445,08/07/2020
PO16530177647,05/08/2021
PO8671170385,07/08/2021
PO19952192051,11/08/2021
PO13021155785,03/07/2021
PO2378131604,2/19/2021 6:28
PO19604173239,01/01/2021
